applied,rejected,oaAssign,oaDone
2023-06-08,,,
2023-06-08,,,
2023-06-27,2023-08-16,,
2023-06-27,,,
2023-07-11,,,
2023-08-10,2023-08-23,,
2023-08-10,2024-03-29,2024-02-19,2024-02-21
2023-08-11,2023-09-28,2023-08-24,2023-08-28
,,,
2023-08-11,2023-09-13,2023-08-11,2023-08-13
2023-08-11,2023-10-19,,
2023-08-11,2023-10-12,,
2023-08-11,2024-02-14,,
2023-08-11,2023-08-13,,
2023-08-11,2024-01-02,,
2023-08-11,2024-04-08,,
2023-08-15,2023-10-25,2023-09-22,2023-09-27
2023-08-15,2023-10-27,,
2023-08-15,2023-08-24,,
2023-08-15,,,
2023-08-15,2024-01-09,,
2023-08-15,2024-05-21,,
2023-08-15,2024-05-21,,
2023-08-22,2024-05-21,,
,,,
2023-08-15,,,
,,,
,,,
2023-08-15,,,
,,,
2023-08-16,2024-01-10,,
2023-08-18,,,
2023-08-18,,2023-08-19,2023-08-20
2023-08-20,,,
2023-08-20,2023-10-19,,
,,,
2023-08-22,,,
2023-08-22,2023-10-26,,
2023-08-22,2023-08-25,,
,,,
,,,
2023-08-25,2023-09-22,,
2023-08-25,2023-09-29,,
2023-08-25,2023-09-26,,
2023-08-25,2024-02-15,,
2023-08-25,2023-10-11,,
2023-08-25,2023-11-02,,
2023-08-29,2024-04-20,,
2023-08-29,,,
2023-08-29,2023-10-03,,
2023-08-30,2023-09-29,,
2023-08-30,2023-09-09,,
2023-09-02,,,
2023-09-02,2023-09-26,,
2023-09-02,,2023-09-05,2023-09-06
2023-09-02,2023-09-22,,
2023-09-02,2023-09-03,,
2023-09-02,,,
2023-09-02,2023-10-02,,
2023-09-05,2023-09-11,,
2023-09-05,,,
2023-09-08,2023-12-18,,
,,,
2023-09-15,2023-12-08,,
2023-09-15,2023-09-28,,
2023-09-15,2023-12-18,,
2023-09-15,,,
2023-09-18,,,
2023-09-18,2024-06-20,,
2023-09-19,2024-02-01,,
2023-09-19,,,
2023-09-19,2024-02-05,,
2023-09-19,,,
2023-09-21,,,
2023-09-21,,,
2023-09-21,2023-11-16,,
,,,
2023-09-26,,,
2023-09-26,2024-01-24,2023-10-17,2023-10-18
2023-09-26,2023-11-16,,
2023-09-26,,,
2023-09-26,,,
2023-09-26,,,
2023-09-26,2023-10-05,,
2023-10-06,2023-11-30,,
2023-10-06,2023-11-27,,
2023-10-06,2023-11-16,,
2023-10-06,2023-11-21,,
2023-10-06,2023-11-17,,
2023-10-06,,,
2023-10-06,2023-10-27,,
2023-10-06,2024-02-04,2023-10-07,2023-10-08
2023-10-06,,,
2023-10-06,,,
2023-10-06,2024-01-04,,
,,,
2023-10-10,2023-11-13,,
,,,
,,,
,,,
,,,
,,,
,,,
,,,
2023-10-26,,,
2023-10-26,,,
2023-10-26,2023-11-29,2023-10-26,2023-10-31
2023-10-26,2023-10-27,,
2023-10-26,2023-11-02,,
2023-10-28,2023-11-15,,